"Nombre";"Acepta";"Carrera";"Edad";"IngestaFrecuenteAzucar";"Puntuacion";"uniform";"Tipo"
"Katalina Leyva";"Si";"Estadistica";NA;NA;"";0.914806043496355;"D"
"Paula Prieto";"Si";"Mecanica";NA;NA;"";0.937075413297862;"D"
"Juan Manuel";"Si";"Mecanica";NA;NA;"";0.286139534786344;"B"
"Yasmin Chacon";"Si";"MEcanica";NA;NA;"";0.830447626067325;"D"
"Morrocoy";"Si";"Estadistica";NA;NA;"";0.641745518893003;"C"
"Michelle";"Si";"Industrial";NA;NA;"";0.519095949130133;"C"
"Diego Avella";"Si";"Estadistica";NA;NA;"";0.736588314641267;"C"
"Miguel Hernandez";"Si";"Estadistica";NA;NA;"";0.13466659723781;"A"
"Daniel Ruiz";"Si";"Estadistica";NA;NA;"";0.656992290401831;"C"
"Sebastian Fajardo";"Si";"Estadistica";NA;NA;"";0.705064784036949;"C"
"Jose Miguel Cervantes Serrano";"Si";"Matemáticas";NA;NA;"";0.45774177624844;"B"
"Angel David Días Riveros";"Si";"Matemáticas";NA;NA;"";0.719112251652405;"C"
"BRIGITTE GABRIELA LEON PEREZ";"Si";NA;NA;NA;"";0.934672247152776;"D"
"Rafael Baracaldo";"Si";NA;NA;NA;"";0.255428824340925;"B"
"Daniel Martinez";"Si";NA;NA;NA;"";0.462292822543532;"B"
"Oscar Merino";"Si";"Estadistica";NA;NA;"";0.940014522755519;"D"
"Maria Paula Lizarazo";"Si";"Finanzas";NA;NA;"";0.978226428385824;"D"
"Santiago Diaz";"Si";"Sistemas";NA;NA;"";0.117487361654639;"A"
"Mafe Leyva";"Si";NA;NA;NA;"";0.474997081561014;"B"
"Alejandra Beltran";"Si";NA;NA;NA;"";0.560332746244967;"C"
"Lucas Acevedo";"Si";NA;NA;NA;"";0.904031387297437;"D"
"Alejandra Castiblanco";"Si";NA;NA;NA;"";0.138710167724639;"A"
"Mateo Perez";"Si";NA;NA;NA;"";0.988891728920862;"D"
"Angel Santiago Barrantes Montoya";"Si";NA;NA;NA;"";0.946668232558295;"D"
"Alison Nicol Mondragón Alvarez";"Si";NA;NA;NA;"";0.0824375580996275;"A"
"Santiago López";"Si";NA;NA;NA;"";0.514211784349754;"C"
"Matteo Cardenas Velasquez";"Si";NA;NA;NA;"";0.390203467104584;"B"
"Julian";"Si";NA;NA;NA;"";0.905738130910322;"D"
"Juan Pablo Rojas";"Si";NA;NA;NA;"";0.446969628101215;"B"
"Nathan Ruiz";"Si";NA;NA;NA;"";0.836004259996116;"D"
"Sofia Zambrano";"Si";NA;NA;NA;"";0.737595617771149;"C"
"Juan Esteban Roa";"Si";NA;NA;NA;"";0.811055141268298;"D"
"Jerónimo Quilaguy";"Si";NA;NA;NA;"";0.388108282815665;"B"
"Adriana Ayala";"Si";NA;NA;NA;"";0.685169729404151;"C"
"Sebastian Ramirez";"Si";NA;NA;NA;NA;0.00394833879545331;"A"
"";"Si";NA;NA;NA;NA;0.832916080253199;"D"
"";"Si";NA;NA;NA;NA;0.00733414688147604;"A"
"";"Si";NA;NA;NA;NA;0.207658972823992;"A"
"";"Si";NA;NA;NA;NA;0.906601407798007;"D"
"";"Si";NA;NA;NA;NA;0.611778643447906;"C"
