"Nombre";"Tipo"
"Miguel Hernandez";"A"
"Santiago Diaz";"A"
"Alejandra Castiblanco";"A"
"Alison Nicol Mondragón Alvarez";"A"
"Sebastian Ramirez";"A"
"Judy Diaz Penagos";"A"
"Daniel Usche";"A"
"Juan Manuel";"B"
"Jose Miguel Cervantes Serrano";"B"
"Rafael Baracaldo";"B"
"Daniel Martinez";"B"
"Mafe Leyva";"B"
"Matteo Cardenas Velasquez";"B"
"Juan Pablo Rojas";"B"
"Jerónimo Quilaguy";"B"
"Morrocoy";"C"
"Michelle";"C"
"Diego Avella";"C"
"Daniel Ruiz";"C"
"Sebastian Fajardo";"C"
"Angel David Días Riveros";"C"
"Alejandra Beltran";"C"
"Santiago López";"C"
"Sofia Zambrano";"C"
"Adriana Ayala";"C"
"";"C"
"Katalina Leyva";"D"
"Paula Prieto";"D"
"Yasmin Chacon";"D"
"BRIGITTE GABRIELA LEON PEREZ";"D"
"Oscar Merino";"D"
"Maria Paula Lizarazo";"D"
"Lucas Acevedo";"D"
"Mateo Perez";"D"
"Angel Santiago Barrantes Montoya";"D"
"Julian";"D"
"Nathan Ruiz";"D"
"Juan Esteban Roa";"D"
"Dario Leyva Paez";"D"
"Oscar Carvjal";"D"
